"","AALocus","CameroonR","CameroonS","GhanaR","GhanaS","KenyaR","KenyaS","RiboqueR","RiboqueS"
"2","L3RIH59","0.791","0.771","0.824","0.811","0.843","0.826","0.658","0.625"
"3","L3RIND30","0.809","0.798","0.786","0.785","0.812","0.793","0.7","0.651"
"4","L3RIR01","0.749","0.732","0.691","0.774","0.762","0.758","0.632","0.665"
"5","L3RIR02","0.606","0.693","0.694","0.661","0.645","0.674","0.528","0.427"
"6","L3RIR03","0.776","0.764","0.841","0.848","0.88","0.866","0.677","0.694"
"7","L3RIR04","0.587","0.598","0.696","0.699","0.675","0.714","0.045","0.047"
"8","L3RIR05","0.883","0.909","0.897","0.869","0.912","0.874","0.733","0.831"
"9","L3RIR07","0.738","0.627","0.726","0.718","0.672","0.726","0.533","0.532"
"10","L3RIR08","0.133","0.134","0.154","0.058","0.056","0.239","0.337","0.406"
"11","L3RIR09","0.668","0.701","0.62","0.592","0.597","0.705","0.541","0.481"
"12","L3RIR10","0.697","0.685","0.695","0.667","0.683","0.701","0.51","0.479"
"13","L3RIR12","0.705","0.706","0.713","0.814","0.728","0.716","0.732","0.718"
